<?xml version="1.0" encoding="UTF-8"?>
<project-private xmlns="http://www.netbeans.org/ns/project-private/1">
    <editor-bookmarks xmlns="http://www.netbeans.org/ns/editor-bookmarks/2" lastBookmarkId="2">
        <file>
            <url>src/boardinghousemanagement/BoardingHouseManagement.java</url>
            <bookmark id="1">
                <name/>
                <line>6</line>
                <key/>
            </bookmark>
            <bookmark id="2">
                <name/>
                <line>19</line>
                <key/>
            </bookmark>
        </file>
    </editor-bookmarks>
    <open-files xmlns="http://www.netbeans.org/ns/projectui-open-files/2">
        <group>
            <file>file:/C:/Users/damaso/Documents/NetBeansProjects/BoardingHouseManagement/src/boardinghousemanagement/BoarderPanel.java</file>
            <file>file:/C:/Users/damaso/Documents/NetBeansProjects/BoardingHouseManagement/src/boardinghousemanagement/Boarder.java</file>
        </group>
    </open-files>
</project-private>
